{"x": [[0.9312801191161986], [0.08704706823817122], [-1.0577109289559004], [0.3142473325952739], [-0.47917423784528995], [0.6476885381006925], [-0.46341769281246226], [0.5425600435859647], [0.6116762888408679], [1.0035328978920242], [0.8219025043752238], [1.5380365664659692], [0.7384665799954104], [-0.21967188783751193], [-0.8084936028931876], [0.0917607765355023], [-1.9596701238797756], [0.5132674331133561], [1.030999522495951], [-2.6197451040897444], [0.4967141530112327], [0.09707754934804039], [-0.46572975357025687], [0.9154021177020741], [1.5646436558140062], [1.465648768921554], [-0.600638689918805], [-0.03582603910995154], [-0.6017066122293969], [-1.1962066240806708], [0.3571125715117464], [0.37569801834567196], [0.26105527217988933], [-0.5297602037670388], [-0.9080240755212109], [0.19686123586912352], [-0.29900735046586746], [0.36163602504763415], [0.822544912103189], [-0.2916937497932768], [0.36139560550841393], [-0.6769220003059587], [1.5230298564080254], [-0.5182702182736474], [-0.23415337472333597], [-0.39210815313215763], [-0.3011036955892888], [-0.6451197546051243], [0.32875110965968446], [0.2088635950047554], [-0.3276621465977682], [0.00511345664246089], [-0.23413695694918055], [1.477894044741516], [-0.38508228041631654], [0.3436182895684614], [0.33126343140356396], [-0.18565897666381712], [-0.23458713337514692], [-1.9875689146008928], [0.324083969394795], [-0.22577630048653566], [-1.1063349740060282], [-0.7020530938773524], [-1.4635149481321186], [0.9686449905328892], [-1.7249178325130328], [-1.913280244657798], [-0.5622875292409727], [0.7674347291529088], [0.812525822394198], [-1.4123037013352915], [-1.4785219903674274], [-1.2208436499710222], [-0.8392175232226385], [1.5792128155073915], [0.9755451271223592], [0.24196227156603412], [0.29612027706457605], [-0.5443827245251827], [-1.763040155362734], [0.11092258970986608], [0.1713682811899705], [-1.3281860488984305], [1.0571222262189157], [-0.11564828238824053], [-0.4694743859349521], [-0.013497224737933921], [-1.0128311203344238], [-0.13826430117118466], [-1.1509935774223028], [1.356240028570823], [0.06752820468792384], [-0.5017570435845365], [-0.4606387709597875], [1.8522781845089378], [-1.4247481862134568], [-0.7198442083947086], [-0.07201012158033385], [-0.3092123758512146]], "y": [68.64083827612168, -30.613336010461886, -21.0709527811421, 6.641313315069862, -14.34405319273354, 38.358640404995356, -46.156860264265696, -19.190562343589306, 20.38537340535127, 18.026135811155584, 37.953661194883324, 95.90907666890394, 44.232808404324864, 21.065202960581658, -68.90754426184031, 25.797034483111887, -90.93726964574849, 17.992551986499077, 7.0340183009997475, -131.04207043870463, 10.845483999154142, 0.9488140036175734, -44.25472684847922, 14.13450097180078, 88.82333741841995, 69.67331639459798, 10.058812838057023, 9.116737809038042, -47.131916524436825, -80.35235300205369, 28.355271763475706, 50.28244164518449, -1.9273986371020317, -21.06327219651955, -52.26965421499012, -22.354633822358746, -31.77541454801309, -3.6844000176112157, 76.99905353155319, 22.63252576595351, 34.33448422115258, -36.36774306584116, 59.42141931010483, -19.28903341737531, -4.400348751025086, 9.772253454487025, -16.591833984349545, -55.18870972009516, 38.151933067259144, 8.94680491472296, 5.74926634206453, 17.96617231576758, -60.33100753732937, 130.0494775528598, 47.4053098103939, 40.439520767870356, 29.268321258645457, 13.435425845134004, -7.479953278014223, -88.95317615193409, 47.62478458737959, -9.608654955944825, -41.80881383205667, -40.61602442652168, -69.64226707744062, 58.94082816803075, -88.4795258427602, -90.67765463643559, -23.37206755306721, 67.13253848117506, 60.149406669006524, -69.48856598100684, -71.42174469209507, -29.119621871337642, -2.54494246622734, 42.341660338953226, 71.14709693740747, 12.658463513595228, -10.790779290065043, -42.106536563015794, -60.4300319507864, 23.958552341496784, -15.714172665593175, -39.21277878816305, 58.028489853039936, 10.686418842632506, -20.060147551367542, -12.899201066841716, -30.332832910071176, -12.99972547690146, -68.08943446070687, 89.73859262148261, 22.001122533622336, -21.80713249232891, -28.146194791759406, 79.23850322526177, -88.2153714015352, -52.18489865940862, 15.356744913429871, -34.585518700246105]}