{
    "Learning rate": 0.01,
    "Epochs": 300,
    "Batch size": 40,
    "Final train accuracy": 0.9877499999999989,
    "Final val accuracy": 0.983,
    "Final train loss": 0.03928582164504712,
    "Final val loss": 0.05430793570050938
}