{
    "Learning rate": 0.01,
    "Epoch": 213,
    "Batch size": 200,
    "Final train accuracy": 0.9872499999999986,
    "Validation accuracy": 0.9825,
    "Final train loss": 0.04380002261857304,
    "Final validation loss": 0.05567530740466109
}