{
    "Learning rate": 0.01,
    "Epoch": 87,
    "Batch size": 200,
    "Final train accuracy": 0.7804999999999995,
    "Validation accuracy": 0.7575,
    "Final train loss": 0.5701149466609424,
    "Final validation loss": 0.6152369383998282
}