{
    "Learning rate": 0.01,
    "Epochs": 300,
    "Batch size": 40,
    "Final train accuracy": 0.7982499999999995,
    "Final val accuracy": 0.7605,
    "Final train loss": 0.5238624383028682,
    "Final val loss": 0.6200477691883909
}