{
    "Learning rate": 0.001,
    "Epoch": 100,
    "Batch size": 64,
    "Final train accuracy": 0.932875,
    "Validation accuracy": 0.8205,
    "Final train loss": 0.18202982726693154,
    "Final validation loss": 0.5782831273972988
}