{
    "Learning rate": 0.001,
    "Epoch": 100,
    "Batch size": 64,
    "Final train accuracy": 1.0,
    "Validation accuracy": 0.7415,
    "Final train loss": 2.2650037608400452e-05,
    "Final validation loss": 2.635798681527376
}